Utheta:0,Utheta:1,Utheta:2,theta,arc_length
0.000266135,0,0,0.945,0
0.000266135,0,0,0.945,5e-05
0.000266135,0,0,0.945,0.0001
0.000266135,0,0,0.945,0.00015
0.000266135,0,0,0.945,0.0002
0.000266135,0,0,0.944999,0.00025
0.000266135,0,0,0.944999,0.0003
0.000266135,0,0,0.944999,0.00035
0.000266135,0,0,0.944998,0.0004
0.000266135,0,0,0.944997,0.00045
0.000266135,0,0,0.944996,0.0005
0.000266135,0,0,0.944996,0.00055
0.000266135,0,0,0.944995,0.0006
0.000266135,0,0,0.944993,0.00065
0.000266135,0,0,0.944993,0.0007
0.000266135,0,0,0.944991,0.00075
0.000266135,0,0,0.94499,0.0008
0.000266135,0,0,0.944988,0.00085
0.000266135,0,0,0.944986,0.0009
0.000266135,0,0,0.944984,0.00095
0.000266135,0,0,0.944983,0.001
0.000266135,0,0,0.94498,0.00105
0.000266135,0,0,0.944978,0.0011
0.000266135,0,0,0.944975,0.00115
0.000266135,0,0,0.944973,0.0012
0.000266135,0,0,0.94497,0.00125
0.000266135,0,0,0.944967,0.0013
0.000266135,0,0,0.944964,0.00135
0.000266135,0,0,0.944961,0.0014
0.000266135,0,0,0.944957,0.00145
0.000266135,0,0,0.944954,0.0015
0.000266135,0,0,0.94495,0.00155
0.000266135,0,0,0.944947,0.0016
0.000266135,0,0,0.944942,0.00165
0.000266135,0,0,0.944939,0.0017
0.000266135,0,0,0.944934,0.00175
0.000266135,0,0,0.944929,0.0018
0.000266134,0,0,0.944924,0.00185
0.000266134,0,0,0.944919,0.0019
0.000266134,0,0,0.944914,0.00195
0.000266134,0,0,0.944909,0.002
0.000266134,0,0,0.944903,0.00205
0.000266134,0,0,0.944898,0.0021
0.000266134,0,0,0.944892,0.00215
0.000266134,0,0,0.944886,0.0022
0.000266134,0,0,0.94488,0.00225
0.000266134,0,0,0.944873,0.0023
0.000266133,0,0,0.944867,0.00235
0.000266133,0,0,0.94486,0.0024
0.000266133,0,0,0.944852,0.00245
0.000266133,0,0,0.944845,0.0025
0.000266133,0,0,0.944838,0.00255
0.000266133,0,0,0.944831,0.0026
0.000266132,0,0,0.944823,0.00265
0.000266132,0,0,0.944815,0.0027
0.000266132,0,0,0.944806,0.00275
0.000266132,0,0,0.944798,0.0028
0.000266132,0,0,0.944789,0.00285
0.000266132,0,0,0.94478,0.0029
0.000266131,0,0,0.944771,0.00295
0.000266131,0,0,0.944762,0.003
0.000266131,0,0,0.944752,0.00305
0.000266131,0,0,0.944742,0.0031
0.00026613,0,0,0.944732,0.00315
0.00026613,0,0,0.944722,0.0032
0.00026613,0,0,0.944711,0.00325
0.000266129,0,0,0.944701,0.0033
0.000266129,0,0,0.94469,0.00335
0.000266129,0,0,0.944678,0.0034
0.000266129,0,0,0.944667,0.00345
0.000266128,0,0,0.944656,0.0035
0.000266128,0,0,0.944643,0.00355
0.000266127,0,0,0.944632,0.0036
0.000266127,0,0,0.944619,0.00365
0.000266127,0,0,0.944606,0.0037
0.000266126,0,0,0.944593,0.00375
0.000266126,0,0,0.94458,0.0038
0.000266125,0,0,0.944567,0.00385
0.000266125,0,0,0.944553,0.0039
0.000266125,0,0,0.944539,0.00395
0.000266124,0,0,0.944525,0.004
0.000266124,0,0,0.944512,0.00405
0.000266123,0,0,0.944497,0.0041
0.000266123,0,0,0.944481,0.00415
0.000266122,0,0,0.944466,0.0042
0.000266122,0,0,0.944452,0.00425
0.000266121,0,0,0.944435,0.0043
0.00026612,0,0,0.94442,0.00435
0.00026612,0,0,0.944404,0.0044
0.000266119,0,0,0.944387,0.00445
0.000266119,0,0,0.94437,0.0045
0.000266118,0,0,0.944353,0.00455
0.000266117,0,0,0.944336,0.0046
0.000266117,0,0,0.944319,0.00465
0.000266116,0,0,0.944301,0.0047
0.000266115,0,0,0.944283,0.00475
0.000266114,0,0,0.944264,0.0048
0.000266114,0,0,0.944246,0.00485
0.000266113,0,0,0.944227,0.0049
0.000266112,0,0,0.944207,0.00495
0.000266111,0,0,0.944188,0.005
0.00026611,0,0,0.944168,0.00505
0.00026611,0,0,0.944148,0.0051
0.000266109,0,0,0.944128,0.00515
0.000266108,0,0,0.944107,0.0052
0.000266107,0,0,0.944086,0.00525
0.000266106,0,0,0.944065,0.0053
0.000266105,0,0,0.944043,0.00535
0.000266104,0,0,0.944022,0.0054
0.000266103,0,0,0.943999,0.00545
0.000266102,0,0,0.943977,0.0055
0.000266101,0,0,0.943954,0.00555
0.0002661,0,0,0.943931,0.0056
0.000266099,0,0,0.943907,0.00565
0.000266098,0,0,0.943884,0.0057
0.000266097,0,0,0.943861,0.00575
0.000266096,0,0,0.943835,0.0058
0.000266094,0,0,0.943811,0.00585
0.000266093,0,0,0.943787,0.0059
0.000266092,0,0,0.943761,0.00595
0.000266091,0,0,0.943735,0.006
0.000266089,0,0,0.943709,0.00605
0.000266088,0,0,0.943684,0.0061
0.000266086,0,0,0.943658,0.00615
0.000266085,0,0,0.943631,0.0062
0.000266084,0,0,0.943604,0.00625
0.000266082,0,0,0.943576,0.0063
0.000266081,0,0,0.943548,0.00635
0.000266079,0,0,0.94352,0.0064
0.000266078,0,0,0.943492,0.00645
0.000266076,0,0,0.943463,0.0065
0.000266075,0,0,0.943434,0.00655
0.000266073,0,0,0.943404,0.0066
0.000266071,0,0,0.943374,0.00665
0.00026607,0,0,0.943344,0.0067
0.000266068,0,0,0.943314,0.00675
0.000266067,0,0,0.943283,0.0068
0.000266064,0,0,0.943252,0.00685
0.000266063,0,0,0.94322,0.0069
0.000266061,0,0,0.943188,0.00695
0.000266059,0,0,0.943156,0.007
0.000266057,0,0,0.943123,0.00705
0.000266055,0,0,0.94309,0.0071
0.000266053,0,0,0.943058,0.00715
0.000266051,0,0,0.943024,0.0072
0.000266049,0,0,0.942989,0.00725
0.000266047,0,0,0.942955,0.0073
0.000266045,0,0,0.942921,0.00735
0.000266043,0,0,0.942886,0.0074
0.000266041,0,0,0.94285,0.00745
0.000266038,0,0,0.942814,0.0075
0.000266036,0,0,0.942778,0.00755
0.000266034,0,0,0.942742,0.0076
0.000266032,0,0,0.942705,0.00765
0.000266029,0,0,0.942667,0.0077
0.000266027,0,0,0.94263,0.00775
0.000266024,0,0,0.942592,0.0078
0.000266021,0,0,0.942554,0.00785
0.000266019,0,0,0.942515,0.0079
0.000266017,0,0,0.942476,0.00795
0.000266014,0,0,0.942436,0.008
0.000266012,0,0,0.942396,0.00805
0.000266008,0,0,0.942356,0.0081
0.000266006,0,0,0.942315,0.00815
0.000266003,0,0,0.942274,0.0082
0.000266,0,0,0.942232,0.00825
0.000265997,0,0,0.942191,0.0083
0.000265995,0,0,0.942148,0.00835
0.000265991,0,0,0.942106,0.0084
0.000265988,0,0,0.942062,0.00845
0.000265985,0,0,0.942019,0.0085
0.000265982,0,0,0.941975,0.00855
0.000265979,0,0,0.941931,0.0086
0.000265975,0,0,0.941887,0.00865
0.000265973,0,0,0.941841,0.0087
0.000265969,0,0,0.941795,0.00875
0.000265966,0,0,0.941749,0.0088
0.000265963,0,0,0.941703,0.00885
0.000265959,0,0,0.941656,0.0089
0.000265956,0,0,0.941609,0.00895
0.000265952,0,0,0.941561,0.009
0.000265949,0,0,0.941513,0.00905
0.000265945,0,0,0.941465,0.0091
0.00026594,0,0,0.941416,0.00915
0.000265937,0,0,0.941367,0.0092
0.000265934,0,0,0.941317,0.00925
0.000265929,0,0,0.941267,0.0093
0.000265925,0,0,0.941216,0.00935
0.000265921,0,0,0.941165,0.0094
0.000265918,0,0,0.941113,0.00945
0.000265913,0,0,0.941061,0.0095
0.00026591,0,0,0.941009,0.00955
0.000265904,0,0,0.940956,0.0096
0.000265901,0,0,0.940902,0.00965
0.000265896,0,0,0.940849,0.0097
0.000265891,0,0,0.940794,0.00975
0.000265888,0,0,0.94074,0.0098
0.000265882,0,0,0.940686,0.00985
0.000265879,0,0,0.940629,0.0099
0.000265874,0,0,0.940573,0.00995
0.000265869,0,0,0.940517,0.01
0.000265864,0,0,0.94046,0.01005
0.00026586,0,0,0.940403,0.0101
0.000265854,0,0,0.940345,0.01015
0.000265849,0,0,0.940287,0.0102
0.000265845,0,0,0.940228,0.01025
0.00026584,0,0,0.940168,0.0103
0.000265835,0,0,0.940108,0.01035
0.000265829,0,0,0.940048,0.0104
0.000265824,0,0,0.939987,0.01045
0.000265818,0,0,0.939926,0.0105
0.000265813,0,0,0.939865,0.01055
0.000265807,0,0,0.939803,0.0106
0.000265802,0,0,0.93974,0.01065
0.000265796,0,0,0.939677,0.0107
0.00026579,0,0,0.939613,0.01075
0.000265785,0,0,0.939548,0.0108
0.000265779,0,0,0.939484,0.01085
0.000265774,0,0,0.939418,0.0109
0.000265768,0,0,0.939354,0.01095
0.000265762,0,0,0.939287,0.011
0.000265755,0,0,0.93922,0.01105
0.000265749,0,0,0.939153,0.0111
0.000265743,0,0,0.939085,0.01115
0.000265736,0,0,0.939017,0.0112
0.000265729,0,0,0.938949,0.01125
0.000265724,0,0,0.938879,0.0113
0.000265717,0,0,0.93881,0.01135
0.00026571,0,0,0.938739,0.0114
0.000265704,0,0,0.938668,0.01145
0.000265696,0,0,0.938597,0.0115
0.00026569,0,0,0.938525,0.01155
0.000265682,0,0,0.938453,0.0116
0.000265675,0,0,0.93838,0.01165
0.000265668,0,0,0.938307,0.0117
0.000265661,0,0,0.938232,0.01175
0.000265654,0,0,0.938157,0.0118
0.000265646,0,0,0.938083,0.01185
0.000265639,0,0,0.938007,0.0119
0.000265632,0,0,0.937931,0.01195
0.000265624,0,0,0.937854,0.012
0.000265616,0,0,0.937777,0.01205
0.000265608,0,0,0.937699,0.0121
0.0002656,0,0,0.937621,0.01215
0.000265592,0,0,0.937542,0.0122
0.000265584,0,0,0.937462,0.01225
0.000265576,0,0,0.937382,0.0123
0.000265568,0,0,0.937301,0.01235
0.000265559,0,0,0.93722,0.0124
0.000265551,0,0,0.937138,0.01245
0.000265542,0,0,0.937055,0.0125
0.000265534,0,0,0.936972,0.01255
0.000265525,0,0,0.93689,0.0126
0.000265516,0,0,0.936805,0.01265
0.000265507,0,0,0.93672,0.0127
0.000265498,0,0,0.936635,0.01275
0.000265489,0,0,0.936549,0.0128
0.000265479,0,0,0.936463,0.01285
0.00026547,0,0,0.936375,0.0129
0.000265461,0,0,0.936288,0.01295
0.000265451,0,0,0.9362,0.013
0.000265441,0,0,0.93611,0.01305
0.000265432,0,0,0.936021,0.0131
0.000265422,0,0,0.935931,0.01315
0.000265412,0,0,0.93584,0.0132
0.000265402,0,0,0.935749,0.01325
0.000265392,0,0,0.935657,0.0133
0.000265381,0,0,0.935564,0.01335
0.000265371,0,0,0.935471,0.0134
0.00026536,0,0,0.935377,0.01345
0.00026535,0,0,0.935282,0.0135
0.000265339,0,0,0.935187,0.01355
0.000265328,0,0,0.935091,0.0136
0.000265317,0,0,0.934996,0.01365
0.000265306,0,0,0.934898,0.0137
0.000265295,0,0,0.934801,0.01375
0.000265284,0,0,0.934702,0.0138
0.000265273,0,0,0.934603,0.01385
0.000265261,0,0,0.934504,0.0139
0.000265249,0,0,0.934403,0.01395
0.000265238,0,0,0.934303,0.014
0.000265225,0,0,0.934201,0.01405
0.000265213,0,0,0.934098,0.0141
0.000265201,0,0,0.933995,0.01415
0.000265189,0,0,0.933892,0.0142
0.000265177,0,0,0.933787,0.01425
0.000265164,0,0,0.933683,0.0143
0.000265151,0,0,0.933577,0.01435
0.000265139,0,0,0.93347,0.0144
0.000265126,0,0,0.933363,0.01445
0.000265113,0,0,0.933256,0.0145
0.0002651,0,0,0.933147,0.01455
0.000265086,0,0,0.933038,0.0146
0.000265073,0,0,0.932929,0.01465
0.00026506,0,0,0.932818,0.0147
0.000265046,0,0,0.932707,0.01475
0.000265033,0,0,0.932595,0.0148
0.000265018,0,0,0.932482,0.01485
0.000265005,0,0,0.932369,0.0149
0.00026499,0,0,0.932256,0.01495
0.000264975,0,0,0.93214,0.015
0.000264962,0,0,0.932024,0.01505
0.000264946,0,0,0.931908,0.0151
0.000264933,0,0,0.931791,0.01515
0.000264918,0,0,0.931674,0.0152
0.000264902,0,0,0.931556,0.01525
0.000264887,0,0,0.931436,0.0153
0.000264872,0,0,0.931316,0.01535
0.000264856,0,0,0.931196,0.0154
0.00026484,0,0,0.931075,0.01545
0.000264824,0,0,0.930952,0.0155
0.000264809,0,0,0.93083,0.01555
0.000264792,0,0,0.930705,0.0156
0.000264777,0,0,0.930582,0.01565
0.000264761,0,0,0.930456,0.0157
0.000264744,0,0,0.93033,0.01575
0.000264727,0,0,0.930203,0.0158
0.000264711,0,0,0.930076,0.01585
0.000264694,0,0,0.929947,0.0159
0.000264676,0,0,0.929818,0.01595
0.000264659,0,0,0.929688,0.016
0.000264641,0,0,0.929558,0.01605
0.000264624,0,0,0.929426,0.0161
0.000264606,0,0,0.929294,0.01615
0.000264588,0,0,0.92916,0.0162
0.00026457,0,0,0.929026,0.01625
0.000264551,0,0,0.928892,0.0163
0.000264533,0,0,0.928756,0.01635
0.000264514,0,0,0.92862,0.0164
0.000264496,0,0,0.928483,0.01645
0.000264477,0,0,0.928345,0.0165
0.000264458,0,0,0.928206,0.01655
0.000264438,0,0,0.928067,0.0166
0.000264419,0,0,0.927926,0.01665
0.000264399,0,0,0.927785,0.0167
0.000264379,0,0,0.927642,0.01675
0.000264359,0,0,0.9275,0.0168
0.000264339,0,0,0.927356,0.01685
0.000264319,0,0,0.927211,0.0169
0.000264298,0,0,0.927065,0.01695
0.000264278,0,0,0.926919,0.017
0.000264257,0,0,0.926772,0.01705
0.000264236,0,0,0.926623,0.0171
0.000264214,0,0,0.926474,0.01715
0.000264193,0,0,0.926324,0.0172
0.000264171,0,0,0.926173,0.01725
0.00026415,0,0,0.926022,0.0173
0.000264128,0,0,0.925869,0.01735
0.000264105,0,0,0.925716,0.0174
0.000264083,0,0,0.92556,0.01745
0.00026406,0,0,0.925406,0.0175
0.000264037,0,0,0.92525,0.01755
0.000264014,0,0,0.925092,0.0176
0.000263991,0,0,0.924934,0.01765
0.000263967,0,0,0.924775,0.0177
0.000263944,0,0,0.924615,0.01775
0.00026392,0,0,0.924454,0.0178
0.000263896,0,0,0.924292,0.01785
0.000263872,0,0,0.924129,0.0179
0.000263847,0,0,0.923966,0.01795
0.000263822,0,0,0.9238,0.018
0.000263797,0,0,0.923635,0.01805
0.000263772,0,0,0.923468,0.0181
0.000263747,0,0,0.923301,0.01815
0.000263722,0,0,0.923133,0.0182
0.000263696,0,0,0.922963,0.01825
0.00026367,0,0,0.922793,0.0183
0.000263644,0,0,0.922621,0.01835
0.000263617,0,0,0.922449,0.0184
0.000263591,0,0,0.922276,0.01845
0.000263564,0,0,0.922101,0.0185
0.000263536,0,0,0.921926,0.01855
0.00026351,0,0,0.921749,0.0186
0.000263482,0,0,0.921571,0.01865
0.000263454,0,0,0.921393,0.0187
0.000263426,0,0,0.921213,0.01875
0.000263398,0,0,0.921033,0.0188
0.000263369,0,0,0.920851,0.01885
0.000263341,0,0,0.920668,0.0189
0.000263312,0,0,0.920485,0.01895
0.000263282,0,0,0.9203,0.019
0.000263253,0,0,0.920115,0.01905
0.000263223,0,0,0.919928,0.0191
0.000263193,0,0,0.91974,0.01915
0.000263163,0,0,0.919551,0.0192
0.000263133,0,0,0.919361,0.01925
0.000263102,0,0,0.91917,0.0193
0.000263071,0,0,0.918978,0.01935
0.00026304,0,0,0.918784,0.0194
0.000263008,0,0,0.91859,0.01945
0.000262977,0,0,0.918395,0.0195
0.000262944,0,0,0.918198,0.01955
0.000262912,0,0,0.918001,0.0196
0.00026288,0,0,0.917802,0.01965
0.000262847,0,0,0.917602,0.0197
0.000262814,0,0,0.917401,0.01975
0.00026278,0,0,0.917199,0.0198
0.000262747,0,0,0.916996,0.01985
0.000262713,0,0,0.916791,0.0199
0.000262679,0,0,0.916586,0.01995
0.000262644,0,0,0.916379,0.02
0.00026261,0,0,0.916171,0.02005
0.000262574,0,0,0.915962,0.0201
0.000262539,0,0,0.915752,0.02015
0.000262505,0,0,0.91554,0.0202
0.000262469,0,0,0.915327,0.02025
0.000262432,0,0,0.915114,0.0203
0.000262395,0,0,0.914899,0.02035
0.000262359,0,0,0.914683,0.0204
0.000262322,0,0,0.914466,0.02045
0.000262285,0,0,0.914247,0.0205
0.000262247,0,0,0.914027,0.02055
0.000262209,0,0,0.913806,0.0206
0.000262171,0,0,0.913584,0.02065
0.000262132,0,0,0.91336,0.0207
0.000262093,0,0,0.913136,0.02075
0.000262054,0,0,0.91291,0.0208
0.000262015,0,0,0.912682,0.02085
0.000261975,0,0,0.912454,0.0209
0.000261935,0,0,0.912224,0.02095
0.000261895,0,0,0.911993,0.021
0.000261854,0,0,0.911761,0.02105
0.000261813,0,0,0.911527,0.0211
0.000261771,0,0,0.911291,0.02115
0.00026173,0,0,0.911056,0.0212
0.000261688,0,0,0.910818,0.02125
0.000261646,0,0,0.910579,0.0213
0.000261603,0,0,0.910339,0.02135
0.00026156,0,0,0.910097,0.0214
0.000261516,0,0,0.909855,0.02145
0.000261472,0,0,0.909611,0.0215
0.000261428,0,0,0.909365,0.02155
0.000261384,0,0,0.909118,0.0216
0.000261339,0,0,0.90887,0.02165
0.000261294,0,0,0.90862,0.0217
0.000261248,0,0,0.908369,0.02175
0.000261203,0,0,0.908116,0.0218
0.000261156,0,0,0.907863,0.02185
0.00026111,0,0,0.907607,0.0219
0.000261064,0,0,0.907351,0.02195
0.000261016,0,0,0.907093,0.022
0.000260969,0,0,0.906834,0.02205
0.00026092,0,0,0.906573,0.0221
0.000260872,0,0,0.90631,0.02215
0.000260823,0,0,0.906047,0.0222
0.000260774,0,0,0.905782,0.02225
0.000260725,0,0,0.905515,0.0223
0.000260675,0,0,0.905247,0.02235
0.000260625,0,0,0.904977,0.0224
0.000260574,0,0,0.904706,0.02245
0.000260523,0,0,0.904433,0.0225
0.000260471,0,0,0.90416,0.02255
0.00026042,0,0,0.903884,0.0226
0.000260367,0,0,0.903607,0.02265
0.000260314,0,0,0.903328,0.0227
0.000260261,0,0,0.903048,0.02275
0.000260208,0,0,0.902766,0.0228
0.000260154,0,0,0.902483,0.02285
0.0002601,0,0,0.902198,0.0229
0.000260045,0,0,0.901913,0.02295
0.000259989,0,0,0.901625,0.023
0.000259934,0,0,0.901335,0.02305
0.000259878,0,0,0.901044,0.0231
0.000259822,0,0,0.900751,0.02315
0.000259765,0,0,0.900456,0.0232
0.000259708,0,0,0.900161,0.02325
0.00025965,0,0,0.899863,0.0233
0.000259592,0,0,0.899564,0.02335
0.000259533,0,0,0.899264,0.0234
0.000259474,0,0,0.898961,0.02345
0.000259415,0,0,0.898656,0.0235
0.000259355,0,0,0.898351,0.02355
0.000259294,0,0,0.898044,0.0236
0.000259234,0,0,0.897735,0.02365
0.000259172,0,0,0.897424,0.0237
0.00025911,0,0,0.897112,0.02375
0.000259048,0,0,0.896796,0.0238
0.000258985,0,0,0.896481,0.02385
0.000258922,0,0,0.896163,0.0239
0.000258858,0,0,0.895844,0.02395
0.000258795,0,0,0.895522,0.024
0.00025873,0,0,0.8952,0.02405
0.000258664,0,0,0.894875,0.0241
0.000258598,0,0,0.894549,0.02415
0.000258532,0,0,0.89422,0.0242
0.000258466,0,0,0.89389,0.02425
0.000258399,0,0,0.893558,0.0243
0.000258331,0,0,0.893224,0.02435
0.000258263,0,0,0.892888,0.0244
0.000258194,0,0,0.892551,0.02445
0.000258125,0,0,0.892212,0.0245
0.000258055,0,0,0.891871,0.02455
0.000257985,0,0,0.891528,0.0246
0.000257914,0,0,0.891182,0.02465
0.000257843,0,0,0.890836,0.0247
0.000257771,0,0,0.890487,0.02475
0.000257698,0,0,0.890137,0.0248
0.000257625,0,0,0.889784,0.02485
0.000257551,0,0,0.889429,0.0249
0.000257478,0,0,0.889073,0.02495
0.000257404,0,0,0.888715,0.025
0.000257328,0,0,0.888355,0.02505
0.000257252,0,0,0.887992,0.0251
0.000257176,0,0,0.887627,0.02515
0.000257099,0,0,0.887261,0.0252
0.000257022,0,0,0.886893,0.02525
0.000256944,0,0,0.886523,0.0253
0.000256865,0,0,0.88615,0.02535
0.000256785,0,0,0.885776,0.0254
0.000256706,0,0,0.885399,0.02545
0.000256625,0,0,0.88502,0.0255
0.000256544,0,0,0.884639,0.02555
0.000256462,0,0,0.884256,0.0256
0.000256381,0,0,0.883871,0.02565
0.000256297,0,0,0.883484,0.0257
0.000256214,0,0,0.883095,0.02575
0.00025613,0,0,0.882704,0.0258
0.000256045,0,0,0.88231,0.02585
0.00025596,0,0,0.881914,0.0259
0.000255873,0,0,0.881516,0.02595
0.000255787,0,0,0.881116,0.026
0.0002557,0,0,0.880713,0.02605
0.000255612,0,0,0.880309,0.0261
0.000255523,0,0,0.879902,0.02615
0.000255434,0,0,0.879493,0.0262
0.000255344,0,0,0.879081,0.02625
0.000255253,0,0,0.878668,0.0263
0.000255162,0,0,0.878252,0.02635
0.00025507,0,0,0.877834,0.0264
0.000254977,0,0,0.877413,0.02645
0.000254884,0,0,0.87699,0.0265
0.00025479,0,0,0.876565,0.02655
0.000254695,0,0,0.876137,0.0266
0.000254599,0,0,0.875707,0.02665
0.000254504,0,0,0.875275,0.0267
0.000254406,0,0,0.874839,0.02675
0.000254309,0,0,0.874402,0.0268
0.000254211,0,0,0.873962,0.02685
0.000254112,0,0,0.87352,0.0269
0.000254012,0,0,0.873075,0.02695
0.000253911,0,0,0.872628,0.027
0.00025381,0,0,0.872178,0.02705
0.000253708,0,0,0.871727,0.0271
0.000253605,0,0,0.871271,0.02715
0.000253501,0,0,0.870814,0.0272
0.000253398,0,0,0.870354,0.02725
0.000253292,0,0,0.869892,0.0273
0.000253186,0,0,0.869426,0.02735
0.000253079,0,0,0.868959,0.0274
0.000252971,0,0,0.868488,0.02745
0.000252863,0,0,0.868016,0.0275
0.000252754,0,0,0.86754,0.02755
0.000252644,0,0,0.867061,0.0276
0.000252533,0,0,0.86658,0.02765
0.000252422,0,0,0.866096,0.0277
0.000252309,0,0,0.86561,0.02775
0.000252196,0,0,0.865121,0.0278
0.000252081,0,0,0.864629,0.02785
0.000251966,0,0,0.864133,0.0279
0.000251851,0,0,0.863636,0.02795
0.000251734,0,0,0.863135,0.028
0.000251616,0,0,0.862631,0.02805
0.000251498,0,0,0.862126,0.0281
0.000251379,0,0,0.861617,0.02815
0.000251258,0,0,0.861104,0.0282
0.000251137,0,0,0.86059,0.02825
0.000251015,0,0,0.860072,0.0283
0.000250892,0,0,0.859551,0.02835
0.000250768,0,0,0.859027,0.0284
0.000250644,0,0,0.8585,0.02845
0.000250518,0,0,0.85797,0.0285
0.000250391,0,0,0.857437,0.02855
0.000250263,0,0,0.856902,0.0286
0.000250135,0,0,0.856362,0.02865
0.000250005,0,0,0.855821,0.0287
0.000249874,0,0,0.855275,0.02875
0.000249743,0,0,0.854726,0.0288
0.000249611,0,0,0.854175,0.02885
0.000249476,0,0,0.85362,0.0289
0.000249342,0,0,0.853062,0.02895
0.000249206,0,0,0.852501,0.029
0.00024907,0,0,0.851937,0.02905
0.000248933,0,0,0.851369,0.0291
0.000248794,0,0,0.850798,0.02915
0.000248654,0,0,0.850224,0.0292
0.000248513,0,0,0.849645,0.02925
0.000248372,0,0,0.849064,0.0293
0.000248228,0,0,0.84848,0.02935
0.000248084,0,0,0.847892,0.0294
0.000247939,0,0,0.847301,0.02945
0.000247794,0,0,0.846705,0.0295
0.000247646,0,0,0.846107,0.02955
0.000247498,0,0,0.845505,0.0296
0.000247348,0,0,0.8449,0.02965
0.000247198,0,0,0.844291,0.0297
0.000247045,0,0,0.843678,0.02975
0.000246893,0,0,0.843063,0.0298
0.000246738,0,0,0.842443,0.02985
0.000246583,0,0,0.84182,0.0299
0.000246427,0,0,0.841192,0.02995
0.000246269,0,0,0.840562,0.03
0.00024611,0,0,0.839926,0.03005
0.00024595,0,0,0.839288,0.0301
0.000245789,0,0,0.838647,0.03015
0.000245626,0,0,0.838,0.0302
0.000245462,0,0,0.83735,0.03025
0.000245298,0,0,0.836697,0.0303
0.000245131,0,0,0.836039,0.03035
0.000244964,0,0,0.835377,0.0304
0.000244795,0,0,0.834712,0.03045
0.000244625,0,0,0.834042,0.0305
0.000244453,0,0,0.833369,0.03055
0.000244281,0,0,0.832691,0.0306
0.000244107,0,0,0.832009,0.03065
0.000243931,0,0,0.831323,0.0307
0.000243755,0,0,0.830633,0.03075
0.000243577,0,0,0.829939,0.0308
0.000243397,0,0,0.829241,0.03085
0.000243216,0,0,0.828537,0.0309
0.000243034,0,0,0.827831,0.03095
0.000242851,0,0,0.827119,0.031
0.000242665,0,0,0.826404,0.03105
0.000242479,0,0,0.825684,0.0311
0.00024229,0,0,0.82496,0.03115
0.000242101,0,0,0.824231,0.0312
0.00024191,0,0,0.823498,0.03125
0.000241717,0,0,0.822759,0.0313
0.000241524,0,0,0.822016,0.03135
0.000241328,0,0,0.82127,0.0314
0.000241131,0,0,0.820518,0.03145
0.000240933,0,0,0.819762,0.0315
0.000240733,0,0,0.819001,0.03155
0.000240531,0,0,0.818235,0.0316
0.000240329,0,0,0.817464,0.03165
0.000240124,0,0,0.816689,0.0317
0.000239917,0,0,0.815909,0.03175
0.000239709,0,0,0.815124,0.0318
0.0002395,0,0,0.814334,0.03185
0.000239288,0,0,0.813539,0.0319
0.000239076,0,0,0.812739,0.03195
0.00023886,0,0,0.811934,0.032
0.000238645,0,0,0.811124,0.03205
0.000238426,0,0,0.810309,0.0321
0.000238207,0,0,0.809489,0.03215
0.000237985,0,0,0.808663,0.0322
0.000237762,0,0,0.807831,0.03225
0.000237537,0,0,0.806996,0.0323
0.000237311,0,0,0.806154,0.03235
0.000237082,0,0,0.805307,0.0324
0.000236851,0,0,0.804454,0.03245
0.000236619,0,0,0.803597,0.0325
0.000236384,0,0,0.802734,0.03255
0.000236149,0,0,0.801865,0.0326
0.000235911,0,0,0.80099,0.03265
0.000235671,0,0,0.800109,0.0327
0.000235429,0,0,0.799224,0.03275
0.000235185,0,0,0.798331,0.0328
0.00023494,0,0,0.797434,0.03285
0.000234692,0,0,0.79653,0.0329
0.000234443,0,0,0.795621,0.03295
0.000234191,0,0,0.794706,0.033
0.000233937,0,0,0.793784,0.03305
0.000233681,0,0,0.792857,0.0331
0.000233424,0,0,0.791923,0.03315
0.000233164,0,0,0.790983,0.0332
0.000232901,0,0,0.790037,0.03325
0.000232637,0,0,0.789084,0.0333
0.000232371,0,0,0.788126,0.03335
0.000232102,0,0,0.787161,0.0334
0.000231832,0,0,0.786188,0.03345
0.000231559,0,0,0.78521,0.0335
0.000231283,0,0,0.784226,0.03355
0.000231006,0,0,0.783234,0.0336
0.000230726,0,0,0.782236,0.03365
0.000230443,0,0,0.781231,0.0337
0.000230159,0,0,0.780219,0.03375
0.000229872,0,0,0.7792,0.0338
0.000229583,0,0,0.778175,0.03385
0.000229292,0,0,0.777142,0.0339
0.000228997,0,0,0.776102,0.03395
0.000228701,0,0,0.775055,0.034
0.000228402,0,0,0.774001,0.03405
0.0002281,0,0,0.77294,0.0341
0.000227796,0,0,0.77187,0.03415
0.000227489,0,0,0.770794,0.0342
0.00022718,0,0,0.76971,0.03425
0.000226868,0,0,0.768618,0.0343
0.000226554,0,0,0.767519,0.03435
0.000226236,0,0,0.766412,0.0344
0.000225916,0,0,0.765297,0.03445
0.000225594,0,0,0.764174,0.0345
0.000225268,0,0,0.763044,0.03455
0.00022494,0,0,0.761905,0.0346
0.000224608,0,0,0.760758,0.03465
0.000224274,0,0,0.759603,0.0347
0.000223938,0,0,0.75844,0.03475
0.000223598,0,0,0.757267,0.0348
0.000223255,0,0,0.756087,0.03485
0.000222909,0,0,0.754898,0.0349
0.000222561,0,0,0.753701,0.03495
0.000222209,0,0,0.752494,0.035
0.000221854,0,0,0.751279,0.03505
0.000221496,0,0,0.750055,0.0351
0.000221135,0,0,0.748822,0.03515
0.00022077,0,0,0.74758,0.0352
0.000220403,0,0,0.746328,0.03525
0.000220032,0,0,0.745067,0.0353
0.000219658,0,0,0.743797,0.03535
0.00021928,0,0,0.742517,0.0354
0.000218899,0,0,0.741228,0.03545
0.000218516,0,0,0.739928,0.0355
0.000218128,0,0,0.738619,0.03555
0.000217736,0,0,0.737301,0.0356
0.000217341,0,0,0.735972,0.03565
0.000216943,0,0,0.734632,0.0357
0.000216541,0,0,0.733283,0.03575
0.000216135,0,0,0.731923,0.0358
0.000215726,0,0,0.730552,0.03585
0.000215312,0,0,0.729171,0.0359
0.000214896,0,0,0.727779,0.03595
0.000214475,0,0,0.726376,0.036
0.00021405,0,0,0.724962,0.03605
0.000213622,0,0,0.723537,0.0361
0.00021319,0,0,0.722101,0.03615
0.000212752,0,0,0.720654,0.0362
0.000212311,0,0,0.719194,0.03625
0.000211866,0,0,0.717723,0.0363
0.000211418,0,0,0.71624,0.03635
0.000210964,0,0,0.714745,0.0364
0.000210506,0,0,0.713238,0.03645
0.000210044,0,0,0.711718,0.0365
0.000209578,0,0,0.710187,0.03655
0.000209107,0,0,0.708643,0.0366
0.000208631,0,0,0.707085,0.03665
0.000208151,0,0,0.705516,0.0367
0.000207666,0,0,0.703932,0.03675
0.000207177,0,0,0.702336,0.0368
0.000206683,0,0,0.700727,0.03685
0.000206183,0,0,0.699103,0.0369
0.00020568,0,0,0.697465,0.03695
0.00020517,0,0,0.695814,0.037
0.000204656,0,0,0.694149,0.03705
0.000204137,0,0,0.692469,0.0371
0.000203612,0,0,0.690776,0.03715
0.000203083,0,0,0.689067,0.0372
0.000202547,0,0,0.687343,0.03725
0.000202007,0,0,0.685604,0.0373
0.000201461,0,0,0.68385,0.03735
0.00020091,0,0,0.68208,0.0374
0.000200352,0,0,0.680295,0.03745
0.00019979,0,0,0.678493,0.0375
0.00019922,0,0,0.676675,0.03755
0.000198645,0,0,0.67484,0.0376
0.000198065,0,0,0.67299,0.03765
0.000197478,0,0,0.671121,0.0377
0.000196885,0,0,0.669236,0.03775
0.000196285,0,0,0.667334,0.0378
0.00019568,0,0,0.665414,0.03785
0.000195067,0,0,0.663476,0.0379
0.000194449,0,0,0.66152,0.03795
0.000193824,0,0,0.659544,0.038
0.000193191,0,0,0.657551,0.03805
0.000192552,0,0,0.655537,0.0381
0.000191906,0,0,0.653505,0.03815
0.000191252,0,0,0.651453,0.0382
0.000190593,0,0,0.649381,0.03825
0.000189924,0,0,0.647288,0.0383
0.000189249,0,0,0.645175,0.03835
0.000188565,0,0,0.643041,0.0384
0.000187875,0,0,0.640885,0.03845
0.000187176,0,0,0.638708,0.0385
0.00018647,0,0,0.636508,0.03855
0.000185755,0,0,0.634287,0.0386
0.000185031,0,0,0.632041,0.03865
0.000184301,0,0,0.629773,0.0387
0.00018356,0,0,0.627482,0.03875
0.000182811,0,0,0.625165,0.0388
0.000182053,0,0,0.622825,0.03885
0.000181286,0,0,0.620459,0.0389
0.00018051,0,0,0.618069,0.03895
0.000179724,0,0,0.615652,0.039
0.000178929,0,0,0.613209,0.03905
0.000178124,0,0,0.610739,0.0391
0.000177309,0,0,0.60824,0.03915
0.000176484,0,0,0.605715,0.0392
0.000175648,0,0,0.603161,0.03925
0.000174802,0,0,0.600578,0.0393
0.000173945,0,0,0.597965,0.03935
0.000173077,0,0,0.595322,0.0394
0.000172197,0,0,0.592648,0.03945
0.000171307,0,0,0.589943,0.0395
0.000170404,0,0,0.587206,0.03955
0.00016949,0,0,0.584435,0.0396
0.000168564,0,0,0.581631,0.03965
0.000167624,0,0,0.578793,0.0397
0.000166672,0,0,0.575919,0.03975
0.000165707,0,0,0.573011,0.0398
0.000164728,0,0,0.570065,0.03985
0.000163736,0,0,0.567081,0.0399
0.000162729,0,0,0.56406,0.03995
0.000161709,0,0,0.560999,0.04
0.000160673,0,0,0.557898,0.04005
0.000159623,0,0,0.554756,0.0401
0.000158557,0,0,0.551571,0.04015
0.000157475,0,0,0.548343,0.0402
0.000156377,0,0,0.545071,0.04025
0.000155262,0,0,0.541754,0.0403
0.00015413,0,0,0.538389,0.04035
0.00015298,0,0,0.534977,0.0404
0.000151813,0,0,0.531515,0.04045
0.000150628,0,0,0.528004,0.0405
0.000149422,0,0,0.524439,0.04055
0.000148198,0,0,0.520822,0.0406
0.000146953,0,0,0.517149,0.04065
0.000145686,0,0,0.51342,0.0407
0.000144399,0,0,0.509632,0.04075
0.00014309,0,0,0.505784,0.0408
0.000141757,0,0,0.501874,0.04085
0.000140402,0,0,0.4979,0.0409
0.000139023,0,0,0.49386,0.04095
0.000137617,0,0,0.489752,0.041
0.000136186,0,0,0.485572,0.04105
0.000134729,0,0,0.481321,0.0411
0.000133243,0,0,0.476994,0.04115
0.000131729,0,0,0.472587,0.0412
0.000130185,0,0,0.468101,0.04125
0.00012861,0,0,0.463529,0.0413
0.000127002,0,0,0.458871,0.04135
0.000125362,0,0,0.454122,0.0414
0.000123687,0,0,0.449277,0.04145
0.000121975,0,0,0.444334,0.0415
0.000120225,0,0,0.439288,0.04155
0.000118436,0,0,0.434135,0.0416
0.000116606,0,0,0.42887,0.04165
0.000114732,0,0,0.423487,0.0417
0.000112813,0,0,0.417982,0.04175
0.000110847,0,0,0.412347,0.0418
0.000108831,0,0,0.406578,0.04185
0.000106762,0,0,0.400665,0.0419
0.000104638,0,0,0.394602,0.04195
0.000102455,0,0,0.38838,0.042
0.000100211,0,0,0.381991,0.04205
9.79011e-05,0,0,0.375424,0.0421
9.55212e-05,0,0,0.368666,0.04215
9.30675e-05,0,0,0.361709,0.0422
9.05341e-05,0,0,0.354536,0.04225
8.7916e-05,0,0,0.347133,0.0423
8.52067e-05,0,0,0.339483,0.04235
8.23989e-05,0,0,0.331566,0.0424
7.94854e-05,0,0,0.323363,0.04245
7.64565e-05,0,0,0.314848,0.0425
7.33022e-05,0,0,0.305995,0.04255
7.00103e-05,0,0,0.296769,0.0426
6.65681e-05,0,0,0.287138,0.04265
6.29589e-05,0,0,0.277057,0.0427
5.91647e-05,0,0,0.266478,0.04275
5.51641e-05,0,0,0.255346,0.0428
5.09318e-05,0,0,0.243592,0.04285
4.64386e-05,0,0,0.23114,0.0429
4.16514e-05,0,0,0.217907,0.04295
3.65344e-05,0,0,0.203797,0.043
3.10541e-05,0,0,0.188727,0.04305
2.51982e-05,0,0,0.172671,0.0431
1.9016e-05,0,0,0.155762,0.04315
1.27396e-05,0,0,0.138595,0.0432
7.00229e-06,0,0,0.122788,0.04325
2.87642e-06,0,0,0.111176,0.0433
8.7748e-07,0,0,0.10537,0.04335
2.24993e-07,0,0,0.10343,0.0434
5.42354e-08,0,0,0.102918,0.04345
1.28472e-08,0,0,0.102793,0.0435
3.02812e-09,0,0,0.102765,0.04355
7.12118e-10,0,0,0.102757,0.0436
1.67213e-10,0,0,0.102756,0.04365
3.92036e-11,0,0,0.102755,0.0437
9.17943e-12,0,0,0.102755,0.04375
2.14572e-12,0,0,0.102755,0.0438
5.00694e-13,0,0,0.102755,0.04385
1.16615e-13,0,0,0.102755,0.0439
2.71052e-14,0,0,0.102755,0.04395
6.28637e-15,0,0,0.102755,0.044
1.45461e-15,0,0,0.102755,0.04405
3.35776e-16,0,0,0.102755,0.0441
7.73089e-17,0,0,0.102755,0.04415
1.77597e-17,0,0,0.102755,0.0442
4.06295e-18,0,0,0.102755,0.04425
9.34207e-19,0,0,0.102755,0.0443
2.20658e-19,0,0,0.102755,0.04435
5.63958e-20,0,0,0.102755,0.0444
9.80797e-21,0,0,0.102755,0.04445
7.35598e-21,0,0,0.102755,0.0445
1.47119e-20,0,0,0.102755,0.04455
-2.45016e-21,0,0,0.102755,0.0446
0,0,0,0.102755,0.04465
0,0,0,0.102755,0.0447
1.71639e-20,0,0,0.102755,0.04475
-9.13218e-25,0,0,0.102755,0.0448
9.80797e-21,0,0,0.102755,0.04485
2.69719e-20,0,0,0.102755,0.0449
-2.452e-21,0,0,0.102755,0.04495
-2.45199e-21,0,0,0.102755,0.045
-4.90399e-21,0,0,0.102755,0.04505
-2.45199e-21,0,0,0.102755,0.0451
-4.90396e-21,0,0,0.102755,0.04515
-7.35598e-21,0,0,0.102755,0.0452
1.82644e-24,0,0,0.102755,0.04525
-9.80794e-21,0,0,0.102755,0.0453
-1.96159e-20,0,0,0.102755,0.04535
-1.71639e-20,0,0,0.102755,0.0454
-1.22636e-20,0,0,0.102755,0.04545
4.90399e-21,0,0,0.102755,0.0455
2.452e-21,0,0,0.102755,0.04555
-9.80797e-21,0,0,0.102755,0.0456
7.35598e-21,0,0,0.102755,0.04565
1.82644e-24,0,0,0.102755,0.0457
-2.20679e-20,0,0,0.102755,0.04575
-2.20679e-20,0,0,0.102755,0.0458
-1.47119e-20,0,0,0.102755,0.04585
-9.80885e-21,0,0,0.102755,0.0459
2.45199e-21,0,0,0.102755,0.04595
-7.35595e-21,0,0,0.102755,0.046
-2.20679e-20,0,0,0.102755,0.04605
-2.45199e-21,0,0,0.102755,0.0461
-4.90398e-21,0,0,0.102755,0.04615
-9.80797e-21,0,0,0.102755,0.0462
1.22599e-20,0,0,0.102755,0.04625
1.22599e-20,0,0,0.102755,0.0463
2.45199e-21,0,0,0.102755,0.04635
-2.20679e-20,0,0,0.102755,0.0464
-4.90399e-21,0,0,0.102755,0.04645
-4.90399e-21,0,0,0.102755,0.0465
-1.7163e-20,0,0,0.102755,0.04655
-4.90399e-21,0,0,0.102755,0.0466
-2.45199e-21,0,0,0.102755,0.04665
-1.22599e-20,0,0,0.102755,0.0467
-9.80797e-21,0,0,0.102755,0.04675
4.9067e-21,0,0,0.102755,0.0468
-2.452e-21,0,0,0.102755,0.04685
4.90398e-21,0,0,0.102755,0.0469
2.45199e-21,0,0,0.102755,0.04695
2.45473e-21,0,0,0.102755,0.047
-2.45196e-21,0,0,0.102755,0.04705
7.35598e-21,0,0,0.102755,0.0471
2.45199e-20,0,0,0.102755,0.04715
9.80797e-21,0,0,0.102755,0.0472
2.69719e-20,0,0,0.102755,0.04725
1.96159e-20,0,0,0.102755,0.0473
1.22599e-20,0,0,0.102755,0.04735
1.96159e-20,0,0,0.102755,0.0474
-2.45382e-21,0,0,0.102755,0.04745
-7.35598e-21,0,0,0.102755,0.0475
-4.90398e-21,0,0,0.102755,0.04755
-1.96159e-20,0,0,0.102755,0.0476
2.45181e-20,0,0,0.102755,0.04765
-2.45199e-21,0,0,0.102755,0.0477
-4.90399e-21,0,0,0.102755,0.04775
-1.71639e-20,0,0,0.102755,0.0478
-1.71639e-20,0,0,0.102755,0.04785
3.65286e-24,0,0,0.102755,0.0479
7.35598e-21,0,0,0.102755,0.04795
-2.45199e-21,0,0,0.102755,0.048
-1.22599e-20,0,0,0.102755,0.04805
7.35506e-21,0,0,0.102755,0.0481
9.80794e-21,0,0,0.102755,0.04815
-1.71639e-20,0,0,0.102755,0.0482
0,0,0,0.102755,0.04825
-9.80797e-21,0,0,0.102755,0.0483
-1.22599e-20,0,0,0.102755,0.04835
-7.35595e-21,0,0,0.102755,0.0484
-7.35598e-21,0,0,0.102755,0.04845
2.45199e-21,0,0,0.102755,0.0485
4.90215e-21,0,0,0.102755,0.04855
-4.90399e-21,0,0,0.102755,0.0486
-2.45199e-21,0,0,0.102755,0.04865
-4.90399e-21,0,0,0.102755,0.0487
-4.90307e-21,0,0,0.102755,0.04875
7.35598e-21,0,0,0.102755,0.0488
9.80797e-21,0,0,0.102755,0.04885
1.22599e-20,0,0,0.102755,0.0489
4.90399e-21,0,0,0.102755,0.04895
1.96132e-20,0,0,0.102755,0.049
7.35598e-21,0,0,0.102755,0.04905
7.35595e-21,0,0,0.102755,0.0491
0,0,0,0.102755,0.04915
-2.45199e-21,0,0,0.102755,0.0492
1.47119e-20,0,0,0.102755,0.04925
4.90398e-21,0,0,0.102755,0.0493
2.45199e-21,0,0,0.102755,0.04935
1.44231e-37,0,0,0.102755,0.0494
7.35598e-21,0,0,0.102755,0.04945
7.35598e-21,0,0,0.102755,0.0495
2.45199e-20,0,0,0.102755,0.04955
3.18759e-20,0,0,0.102755,0.0496
1.71648e-20,0,0,0.102755,0.04965
1.22599e-20,0,0,0.102755,0.0497
-9.80797e-21,0,0,0.102755,0.04975
9.80794e-21,0,0,0.102755,0.0498
9.13218e-25,0,0,0.102755,0.04985
-4.90398e-21,0,0,0.102755,0.0499
1.22599e-20,0,0,0.102755,0.04995
0,0,0,0.102755,0.05
